8f25312be8adc7aac81104b2699a5cc67aef7285,9f1c39469787d53a4071b661622a72902156e313,2fe247b4aca07cd17d55e7e49e14ab72711f7131
0b3a685f9540bd691f8fe3b8a3085608e19412fb,f641e25735a2c6c939d2b4be94ede83b6ea993fd,1a6f8369ea63beb44ed27f56dece954ddba1e4b5
18344fbc9060c35ad0ae2c60006d8893316711b1,2a0a63e1bb4627c2f503c43cf524c68565c0b205,ec9bcbd5531775a74e114c56d4cd341195edf2c9
c8271a2e1d0f8f746150df55e0d1d71ee1fd7a4b,c641f24e8f947f4b17854f984693bdf0462bce74,0d78c0508da9babeb6825a9d6335535e15cf716d
0b3a685f9540bd691f8fe3b8a3085608e19412fb,f641e25735a2c6c939d2b4be94ede83b6ea993fd,1a6f8369ea63beb44ed27f56dece954ddba1e4b5
fe1d51f1d50c61c502fe28b7795d3f6b20da97a3,0bb1fe26565b5edc53a1bf34f418a35c9c81fbe7,479def20bdbba61f8ae0d2fb6c46e935761932da
7397bba454f6879e7423edaa6a7cce29586a4c77,5be24a0943200098c011d2d5a39319131a6a8341,e4642f557f92301032a195c677b03a6ecf9e0ebb
2e369320970a7531ec1ff94688d3d43045f0a814,a715220556128b0bfee09ffcbf06ea19222a4ee9,eafd8343ebc66c4d71b678d456b080449b5a42d9
ebc7ae809000d0edef4cecc825e5d306041ec983,6d8daabefe0b3ac874e3e50c546e9ac5deadef2a,fe1d51f1d50c61c502fe28b7795d3f6b20da97a3
fe1d51f1d50c61c502fe28b7795d3f6b20da97a3,0bb1fe26565b5edc53a1bf34f418a35c9c81fbe7,479def20bdbba61f8ae0d2fb6c46e935761932da
ba8cfa5d3399f6a164d67ee62281768c8c6df477,1afb209010d7db97f2bc76fdad44ff8ca569c755,88d60c15c7f44c924dc0afd88c6654086b4ad14c
8f4aa5b9e2bf54e41f0a8f3952e440bb7f49861d,63f4b44b50a839fe5c116b7b5d6e8a62c32029fa,90d9febbc00a779d5b53248f556b793182434034
3d49975a3cc87cd263d479b0e0b6281dcd51ae50,e54662f7d0c31c4679ea0e06cc00464ca7978bfc,bca791af4c5b55c1e0daf7847704039b12ff7e0a
ef4ee498006384016717c30bce43116d7f65e9de,326b88c43005f9b295f305b59d8ae43fc7f09410,6d39c342b636362a2068e6644cc9451182cc03a9
3d49975a3cc87cd263d479b0e0b6281dcd51ae50,e54662f7d0c31c4679ea0e06cc00464ca7978bfc,bca791af4c5b55c1e0daf7847704039b12ff7e0a
b5aa2108ec06382a45f79f1876e6014baf836ee3,06fd86971163c61c9a0866d92c67c190cd47fb13,1162f26df53f774dc5e4bac7015b46ddd7fe9c95
947f3bcd5f2a599d3df1af9a891e286478f3b7cd,f2eeed77e0d1a850b9e77212191af457f05cbfbc,3992472b3017ad8890cf2dcc4fdc30628d6af2a3
f8093408e42f11424e78bca45f11ded801b9373c,c52cb0ea21ce78a3c2ef1928acea489732ed2a27,cd95dc59245c5cc51731b487e45bb0b35bfee597
137525d4c5207b2ee8ab416dc4a2546de8c6c50a,927c4ee8cb834ee5244473e307c153a1ba95f97a,d43d95cc0d04b6f717111a94487180de69b5252c
cd95dc59245c5cc51731b487e45bb0b35bfee597,379269346879c7dff2d69ae14f6054f9fd386496,d0c8c10681fabe4f67b5f6043e7ed83e2c329a1e
054e4c5233b23564a62ad6c5a705c5fa5d36cae2,46ed3d4c97a505693a7a43ac7b70a28fcecf03ae,086dc9140a15d731d2e21848d6d54e9333fa1e5f
b8fb48e90e4f9fc2131a196347231860961ae6b9,7eefc8219a2dfa9953d4866186e7eb55fe59cb91,1f67ba86730d086921cddd38dcc10616920fd7b6
8c659331e38d1cc4a6dbcd30a9add7725f36ffcd,be6ddb74aa9cd3f67ce04bfbecb799b181602d54,a9814fbf9330d8f2e2dbdd570045876841e903d3
1f67ba86730d086921cddd38dcc10616920fd7b6,3a3e96acb8070459920ddfbe76ed02a08166c11b,faa1961131b27a4d193c3da9096f764fe46bda8e
ded98ddaf9952770a366b90ccae1fdbacf59d514,df72356d7d03882a2272fb03406051b7426e3319,8ab1ef143208c582b2f57e9dae66f49a737a03fc