a5c28cf7b3c30127900dbec5d3bf637530e90f7a,6c1a1abe0002018d282fb366b94b00ebb366de11,f1c54b5e59113a6743774d41012c8b9a006273b6
89dbc9300845dfc71df926a0948651ac51725876,414dbc410c0a7fc3bee81dc5f782a6433af82593,f4968d6fc6bc9561025ab1c8fea6dc42d0d71ea5
37a2778e34f702b615054d9c5d3aa12e642c899e,5abd62a2e6d0444d4ca9d66f34a6456ff93a27a6,c3ff753848379f9d57f3d11f5e3280b4e9a8734c
c241462714a19231f1de95373d2d1522645c2516,ab6f3919d7b7af79d789a172d2fbe42165a06f9f,63c946b951eb56a3e1821c8f5c2b81fcc2062c7d
f1c54b5e59113a6743774d41012c8b9a006273b6,256e083db75403aba4f792d58bdeef61c5fbbb05,77c7011fad51e8d016646d34f18cfccf412654ab
1b8840a1e73645cf4d377f435c4ec6157c197d02,ba2c1f97d6e837ec20802447939a5e71df78a203,a759070cf21665bc6a4551c2a8531c7bc248ad19
435a2799274ea9c37892b6f89715a5fdec5b4f2f,380932af2fc816f5a10e7fff66d0a205e49b6ebb,61ff94481e1c2e3f603bf1cfb87cb6a705fe7859
b92391d0c4395b58086a0cf624ef4ce8bc006440,f2db8b4bda96ad108b38b0aab3875319d796e211,b5ec461e3881fbf6270c3c75dc9125f1fa827cd6
f8787aa184c6756a7640f29f0a480da40ce7df10,4bda94075afd699c209a63813d564ad99c1819b8,c9f60ee921839839ce7db30e3a5022b66c597eac
26f5a666439863292fae5eb3d356e622fdbb4e17,8bd705d73de36bc824b84016f81270e2b42d4991,fa72a27727573ab1c4892a3c24f0b65613ce5686
77b2986e5469ca6276b2fecec96d2f791768dd58,ea5b7e837cd7cba2bc155c9f2af9513b36fb6734,3556dfd8cc8560eb4d553b1dc58effbe45f0ad86
9cb6d8145e17f1e507f5b2c5181ee48d3c60fdaa,07ce114ebf0e6a7a190f2e2d708a749dd323dcd1,bccac64cbef0b80692acd05c808f7bf03dd9f551
f1b4de70ffd1d0c2aa48f5380c8f1a12c7d15344,985005e89dc783c99aca7a2582986000d899a07d,ee0e470b2fa94f55e67b0661fae2b06639281967
4d576778d1e81d143eeb8c5b7bd850c31ead0b93,fd6dd169e6e119f72d65042f3adb947623ae2766,3674c2c222c521c9c00a5c77b5afe57b6009d38b
a2162f2b4f8f6b29771418772670bef74ab1f7d6,35e4507e0b3e328f5ed2f4c76f1fbde28e341f92,485c22a625128a6a30ea7494292d78d1932e5bc3
e23d3e0c4e19525000a9906999e7779051772dcf,271eda44a52f5aa8dc1c9dac3679ec3fd0596eab,5c3e41681e34dd6da3403845618dec4e9e58c70a
b1bf1e529af3b883969a1ba686dd50490fe578ae,bcb44e0990135fd70c7a20906dc84126eecf456a,f999255e8733275b07a7e0baec289f923191dc76
626980a88dc427fae54208f2191969fcf5e29aef,e98cd16be2111f3c54fadc587d1632955f2c1a10,1443aec422e87ab1a18f1bade0748df25feee510
c09efd846a229b7c3fa2ea97df4f3c55fba63a82,7ce68609c93c30d6cba942e4d22a798122266689,7af5c327c199b1010ef034cdece487e1275b3fb4
33819b5dca9f4a52e18b1f0af563eddd6df20bf9,56eebb5146fc354d10e9a10d920c7c1e71a57cc3,bc387d1fac670cb6baf8693548a82be9b1bce9ea
4b5347461f4b1b3f3218111e003d06f0de4ece7d,792c4ed6ba487e428085649f212a6dc038076682,4f32c82e9c9d5886de553bbdf9484a4ad7396722
bae188a535b3a2480bfdb8b1603d5d77b869b428,750c627ff41599bc91b72daa3fc2a1bc67726e28,76f5cc4ae6906d0885a1626ad280f4402ce7ac69
69b6102cc1341c090c69eb68381c2fca51da21a1,cd4f112cdc64715307f3bb950fa108fe467ca627,7773ddf51613b3e6de06c7fe1fe990b9a29ab788
5ddc5101e6f036f4ee0644a635ae4af0f5167100,3e4aaf6c17bcb6455aa796849f86e341deb2ce29,379602abc16088accd86e043c57daf7f2fa92b3b
5f2cf7277680c3eeafa9b9e2300abc25bb9dd4ee,68b0ae67113f611f7427b3eb9ed22f706dc8b63e,448c372ad165673018e3b25e4de799c8b6ce0e93