Merge commit,Parent 1,Parent 2
0530115f62fc2128196fc0f3e39af4d4d1a2aea5,7a8e420363da86d178d34509e3344f437a5564e6,2c5824d5bf0259c5da34922d892e54b938e2b095
203c25739cc81097ddcb2df874be4d12d0faa186,1b260af67aab8bb480920449fe34ba674c41a195,a1a30226caaef4667cb7d85a4702ecf6a6bb0703
03c0a05935427f3e2619cbac6b7c11cc4e8b3e68,6fe1416173178a70bab87098579a20a38e133a47,bc6d9c19e838747329eb31944b7e63c2ea1ba142
100df0dca82729be7ce11b7fded117b85c6f88e4,fae6eaf690e51fe593116cd2e18640eadae599d5,9ff4a95ee4ce3982508965f780afb4343053ae1a
f6c9d89e02f97dcd161fc0986ed31a5fa861f3fe,fb53afc8f99122a9f1dd6c3943391ea59d22e7fb,adc3dc0e994ababa7917c81a61cc93f4690060d4
93134bd89e85f03655100ecc7998a3e307e61534,23ca0d2cb25d3ba7a0ef2ae7d568bd3ecab2d026,17e8b7f40c307c0177ab77a1fb0e05b4093dac25
6ede42bc3731c8b672911cdaa2c968b89123fcfb,978c95649ef4a6021ea9e204765d0aac45fd443d,ac3501bc722d4eaab140b66c3d144c85a2d3a046
eadab43294dae72ccd7578934dd647e7d7afa8bc,3e7608630aa41b045c0f2595fd949c058d8ef62e,e707e93942075bb4ec4cca3ddc6f990b8d93b628
5b76222ee73bc8c7fcfe41a9f51122c25c2db3d9,7231ee832a9b143a3445b595447d9467de222461,feaccee24660191e0d85ae0be80afb5a183ce769
7b37774a00fb811ae76f6be99d08ee1a16b9115c,3701f748d434338486e3167992e22c20ffebc0d5,457f0a42667a50d99658cd9bbe8a855eb64632d5
2f616e3c2adb2d7d51bd7e549744dd557adbea31,27a8083b7d84ba3872213fa37948b645b02c1518,a30d58aae2db60b2ed3c2f1450ddaef87119e06e
c6896517066ef2b97ab8659467a7afeb3724d052,a42f9491b5f01846352c0b3e808524f416b3d2a0,595e0e254e34ac4358bed8eb814fb5240caaf9de
1bc8f82d0a8a9750b9dae8534b4104cbf00b5c34,16e137ebbc6256d8461297030504b893c9a98370,933fd504665c0368fc966bf2364cd9b431b7368f
4f8c20f3fe01ab6941588971e0ad739161660ee3,6304d58e36430fafd694572627d8228276f8eff9,917a3c3b9dd26b623144eeffa2462ffced8c4ec5
d866321c5578cd3d1ed5ddaaebff558618a00c43,a880a6c85e5499ceb6d53563ff1b9e37ec6b546e,7efa92636ad02b7cb932ee1855e921cdfe7c4cf3
b358f1395457a95c4d0ddbd626f55c0827e1b575,4643f7809872b86f0af033a4842658327cf6729d,7e5f51d4b1b7ca5024266e51432ac759da6a0139
52e640dbd90e88d928359d601572e67f2f012cff,661e9b91cfa8204a7fa4c4db2de2ce7eacd5822b,64f0361f5e6c364d6029b6c28e8a58bf8c8e44e2
471853c6493504e78b525acd5d2689470941b544,1dd218ca716dceb1d4b757962cab43b62cdcb4ea,52e640dbd90e88d928359d601572e67f2f012cff
fb53784e3b6763cc47a6f5cc811989fd78ac56ee,a8d4c04fc2094e44d09c00931c2adc8d1cd07c97,6ec01c13e55211216290790f21a178d4f300004d
89e6b9cfc49a34e944abb0a7834ce1a3c9be4731,a8ca8497c5a40586e4a48c754016074ac2a7137b,40ec7116d8bf5341f00dcc561d57788eb66e48ca
e0ca4b86d764d3f781ed7266356a4a4dd8c8535b,2f9c9ca9f358f43054d843b9704bdba9f8199aab,28622e49f7450ca078f347528b4c619c1bf580cb
eb2898537e244bdc94600e6664753571172cf686,ffe6cbebd5601a8278abc43e717efb39c4bc7be9,8b169617a227f78bec8a01a6df83a5da84e23c5a
f85554d6efb2cecab9fb7210de119bf55e8189e1,e0ca4b86d764d3f781ed7266356a4a4dd8c8535b,d0e2d768b822cb86dae8b4103a3da5b87972a4bf
50ca7b913d2b8a5b89b84b0d8ca4f2098bc5b548,74aa35bdcd4584fd6b30254c017854013ed5b042,8693e87e73b8307c5a0dddf7e5da3e3b179bbc2a
8693e87e73b8307c5a0dddf7e5da3e3b179bbc2a,e3b3b6c05540926864eea098b95ac75c1cfc152e,85967f974c9346923fcbeb80b7441ad3acd230d3
