a103d2668f95bea9c5fff5b9fff26f0b058d8c8a,452f98b382fc6a2ced938f1ba25e2ea742d2306a,b3a4707e81cb3c01e24bf1f3c9c3bb3307c43902
f8379db63f6de35dfc195e09b393dddb2d4c0e0b,b93ae6b18557334ccf61a419a1e84cd23c5b2bc7,f9efe9034b4f9b6dc7808da9473f577146d8be51
27941201ef4860ea761f6690910f676fbab8e82a,452f98b382fc6a2ced938f1ba25e2ea742d2306a,e78e665b5afffeb9b1c07fb913980d674d8e0b08
df103becd25c1d897cf53ffbf5b66e010336fa9b,d0bcf7213c1bf1cbbecf606bb6efa4df164506ec,2d350da169c1d13da94fe71b5e8e4d5f8df93e09
62cfa14738475b522319bfeaab231f3aaf393406,2ac8bfdb2b5b985b0d3be8748571e7e20cf94252,cb5b72925bdb7d21909b7f8b621a1e6286121d8d
1b65135108411a8e13c81e68b482d01dcf1d8e5f,3e3def159dde291df19f915d956f79cadf389b7e,b7bcfe43203558bc7d758111cacad7327e8c1a35
608a20b3915ad7e51447f7b59fefb10c542dccbe,51b35c49db6ecd491a473960b4a70b1aded92336,062e3870f13db95071360e6bb215c052e8d00a0c
310b167d1456544910d8f0fb80a25747fe42e7dc,294bbfd2201fd8299bd72d4f74e5858c558daacc,fba4acd572581f8c7a409b79f78b0ba1884bbbd4
fdc78964667c1fd0183c086e242353b3226c8dc1,cf49191228a0d2223a978076a9c3f9b9918a0572,5e79c8f36b33bf5158bd11ecc7defa560e45f3bc
35093f0671ada7177c85851a1f2ce4497268c98e,7c348de4eb8feb182cec5ca12b85b475b03330e2,e2823777b3b4c20104be8400655c819bc4ed2710
90a91bbf5e5973e4162f33247b092ef45ba5c413,7938e4dbd9f506cb371ff91386f7ef0c1616829f,3b5614fcc702bd8688ea890e0ee0098852ce067d
b65ff03eea83c3ab86704b7c87a58b6c7f91c3a8,49b0fcb17ae9e07441f6103e5dd6e8076ab3b9e3,ee9ad4908c371823b15d1d06f7a532181e9b6d2e
d985f2e2bd65ae40222aa2a3ace0376d821dd952,62937ce5aee2d0f6c2fdbe4f78a2daf4fd68d5a3,ab7beb63bd00e1e3c9c681dc228f30fd776897ee
8221167cfe97510a4723f9418627ee699b7f8b2e,bd1b2b021791d2980732a0e50d58e340d3951c58,e857553c94eea02ae6accc088715fe5328421acc
4f10aca0b5c23a7d3c7e3da52670f80ae716e47e,32b52a988a49975035d080002b811d7ee2c0f3e7,841f07cd8cc8f2cdcf18454f28918b59bf24fd88
6e4c6fb0a384e42ed0b6c76b7378b752a36bf5c2,445c3dda8c883c542ed1946fb033df0a69eb0dec,5aaaad897f9a2e860b9fb765defef1c73e7f16d4
0767a11dae9393bb9da7cdb8329777b6ca56d8c9,adb6d180fc3c627eaf6c458a474ad8df896237e6,52ad9ce33af99691a09f84d174520fb861d057d1
8298a75587edcf7f3b9233589a43b9c86ab08d71,74a39e6de14cbfeff00d8251677a5f5e58c8902c,d4f9ee341abf0ddce40c24642c6a93be4f45ff9e
e78cdb1babe84df4593f7dd998c311341dd0e724,7c2b72e53699cfefd298c41f4657cc811ccd2f04,da1c3e7345b3b9be15aa9f1d8452b8c9fe3de1bc
2df050e4d6c2b0085f29f2ec5f3bbd6dd0e2de13,75dce938cb7c392044753bdb62162073611c9cd0,6040472f7c113c657c203b7ad6b29c7e60750648
83cbcb17de34af0854f3cf5baba3c3b7ed044868,11ac5651834ccff90f7c4bfa2af370cd2a76a6f6,5608f52ddec8a186ffd068c1b7a8d4a147cfa7e5
3f2306accb805350a631a0040bd220e77fce9ea3,3c756e307e047782274c921a466372aae2cc122c,9759482c9c064f8e6b57416a239325c69dd4c3d4
cbb8e6fa0c588e808388a76942f371ac3f40aa62,4ca1c3d07b75ad538a0bffe9925b71f01c5b85a4,2948c4259d292bb719b0d13a834145e46c97e351
bf91dbaaec7f027488d6002d4774a59bec2ed778,9574504d10fb29b14f980f3b46f34de3d8a46ce7,7eea09b60bacb8b3503cdddfb44df00d410058ad
294728356cb042897c534840451b8beab1d3bb54,c0f22a0d78b23e0dedfc8bc763f19b701471a94e,f8a8790c5196cceb76f78e1bfe85da2a16c54af3
